multianno,cancervar,vcf_wo_art,vcf_without_art_ref,reindex_wo_art,Reference
Chr,#Chr,0,CHROM,0,CHROM
Start,Start,1,POS,1,POS
End,End,2,ID,20,End
Ref,Ref,3,REF,3,REF_x
Alt,Alt,4,ALT,4,ALT_x
Func.ensGene,Ref.Gene,6,FILTER,78,Ref.Gene
Gene.ensGene,clinvar: Clinvar ,9,INFO:MQ,23,Func.ensGene
ExonicFunc.ensGene, CancerVar: CancerVar and Evidence ,14,IN_423_TEVA_F:AD,25,ExonicFunc.ensGene
AAChange.ensGene,OMIM,15,IN_423_TEVA_F:AF,26,AAChange.ensGene
avsnp150,Phenotype_MIM,16,IN_423_TEVA_F:DP,77,Interpro_domain
CLNALLELEID,OrphaNumber,17,IN_423_TEVA_F:F1R2,27,avsnp150
CLNDN,Orpha,18,IN_423_TEVA_F:F2R1,29,CLNDN
CLNDISDB,Pathway,19,IN_423_TEVA_F:GT,30,CLNDISDB
CLNREVSTAT,Therap_list,20,IN_423_TEVA_F:MB,79,clinvar: Clinvar
CLNSIG,Diag_list,21,IN_423_TEVA_F:PS,61,InterVar_automated
PVS1,Prog_list,22,IN_423_TEVA_F:SB,90,intervar_inhouse
PS1,icgc28,23,IN_423_TEVA_F:SQ,80,CancerVar: CancerVar and Evidence
PS2,,24,Overlaps_from_BAM,81,OMIM
PS3,,,,85,Pathway
PS4,,,,86,Therap_list
PM1,,,,87,Diag_list
PM2,,,,88,Prog_list
PM3,,,,62,esp6500siv2_all
PM4,,,,63,ExAC_ALL
PM5,,,,64,ExAC_SAS
PM6,,,,65,AF
PP1,,,,66,AF_sas
PP2,,,,67,1000g2015aug_all
PP3,,,,68,1000g2015aug_SAS
PP4,,,,70,CADD13_PHRED
PP5,,,,71,SIFT_pred
BA1,,,,72,Polyphen2_HVAR_pred
BS1,,,,73,MutationTaster_pred
BS2,,,,74,FATHMM_pred
BS3,,,,75,MetaSVM_pred
BS4,,,,76,MetaLR_pred
BP1,,,,8,INFO:MQ
BP2,,,,9,IN-423-TIOC-F-TRIMMED:AD
BP3,,,,10,IN-423-TIOC-F-TRIMMED:AF
BP4,,,,11,IN-423-TIOC-F-TRIMMED:DP
BP5,,,,12,IN-423-TIOC-F-TRIMMED:F1R2
BP6,,,,13,IN-423-TIOC-F-TRIMMED:F2R1
BP7,,,,14,IN-423-TIOC-F-TRIMMED:GT
InterVar_automated,,,,15,IN-423-TIOC-F-TRIMMED:MB
esp6500siv2_all,,,,16,IN-423-TIOC-F-TRIMMED:PS
ExAC_ALL,,,,17,IN-423-TIOC-F-TRIMMED:SB
ExAC_SAS,,,,18,IN-423-TIOC-F-TRIMMED:SQ
AF,,,,7,Mutant_allelic_burden_%
AF_sas,,,,19,Overlaps_from_BAM
1000g2015aug_all,,,,99,ensemble_value
1000g2015aug_SAS,,,,6,IGV_link
CADD13_RawScore,,,,100,Ref_Depth
CADD13_PHRED,,,,101,Mutant_Depth
SIFT_pred,,,,5,FILTER
Polyphen2_HVAR_pred,,,,,
MutationTaster_pred,,,,,
FATHMM_pred,,,,,
MetaSVM_pred,,,,,
MetaLR_pred,,,,,
Interpro_domain,,,,,
